Code,Nom Produit,Prix
601,BLOCS NON TRIES NON CHARGES,€15,45
602,DECOUVERTE,€7,90
608,PIED DE BUTTE,€7,90
Produit,Prix
0/125 E IV d,€9,60
GNT A 0/20 E IV d,€9,35
GNT A 0/63 E IV d,€10,20
Produit,Prix
16/31.5,€15,25
60/120,€13,35
30/60,€13,35
GNT A 0/20 C III b,€12,05
GNT A 0/31.5 C III b,€11,70
Produit,Prix
GRAVILLON ASSAINISSEMENT,€14,05
GRAVILLON 10/20 CAT A,€20,55
SABLE CANALISATION Decl.,€9,60
GRAVILLON 6.3/10 CAT A béton,€21,40
Produit,Prix
GRAVILLON 4/6.3 CAT CIII,€21,40
GRAVILLON 11.2/22.4 CAT A béton,€21,40
SABLE 0/4 CAT a carrière,€9,75
GRAVILLON 10/14 C III,€20,55
Produit,Prix
GRAVILLON 4/10 CAT A béton,€55
GRAVILLON 4/14 CAT A béton,€55
GRAVILLON 14/20,€55
GRAVILLON 6.3/10 CAT C III,€40
Produit,Prix
GRAVILLON 10/14 CAT CII lavé,€22,40
GRAVILLON 4/10 Lavé,€23,85
GRAVILLON 4/6.3 CAT CII lavé,€23,85
GRAVILLON 6.3/10 CAT CII lavé,€23,85
GNT B 0/20 C III b,€15,25
Produit,Prix
GRAVE 0/20 drainante,€18,55
GNT B 0/31.5 C III b,€15,25
REFACTURATION DIVERSE,€0,00
Produit,Prix
Déblais TERRES et CAILLOUX 17 05 0,€7,35
Déblais TERRES et PIERRES,€7,35
Sable lavé 0/4 (D3.15) CAT A (SF),€26,80
SABLE 0/2 CAT A NF (Vz),€26,80
Produit,Prix
GRAVILLON 4/14 CAT A (SF),€56,65
Sable 0/4 assainissement (SF),€26,80
Sable 0/4 filtrant (SF),€26,80
